QUESTION	OPTION_A	OPTION_B	OPTION_C	OPTION_D	CORRECT_ANSWER	PREDICTED_ANSWER	SCORES
When one object passes through the shadow of another it is a? 	eclipse	reflection			eclipse	eclipse	[('eclipse', 0.60963640377238948), ('reflection', 0.17311759971063972)]
How does your body acquire the oxygen the cells in your body need to function? 	osmosis	diffusion	breathing	absorption	breathing	diffusion	[('diffusion', 0.71500980159431837), ('osmosis', 0.48196214672070586), ('absorption', 0.17647058823529413), ('breathing', 0.048048650093557875)]
As water vapor rises in the atmosphere, it cools and changes back to liquid. Tiny drops of liquid form clouds in this process called 	condensation	precipitation	evaporation	run-off	condensation	condensation	[('condensation', 0.92198367769953304), ('evaporation', 0.3792142553650622), ('precipitation', 0.3594993352923983), ('run-off', 0.15097768776429255)]
The process in which something changes from a gas state to a liquid state 	convection	forecast	condensation		condensation	condensation	[('condensation', 1.0868164942061995), ('convection', 0.65847039386114736), ('forecast', 0.37803949510259854)]
Liquid water becomes a gas called water vapor through the process of <span class="blank"> </span> 	condensation	humidity	evaporation	transpiration	evaporation	evaporation	[('evaporation', 1.0810531858065453), ('condensation', 0.6177092718843209), ('transpiration', 0.50015583777203632), ('humidity', 0.48092202467416612)]
<span class="blank"> </span> refers to the movement of Earth around the sun. 	precipitation	revolution	rotation		revolution	revolution	[('revolution', 1.1190774566624775), ('rotation', 0.5714285714285714), ('precipitation', 0.15046972011041521)]
The process in which a snake loses its outer skin is called <span class="blank"> </span>. 	molting	shredding	loosening		molting	molting	[('molting', 0.89721940001590128), ('shredding', 0), ('loosening', 0)]
The continuous transfer of carbon between the atmosphere and organisms 	nitrogen cycle	carbon cycle			carbon cycle	carbon cycle	[('carbon cycle', 0.78404706557453929), ('nitrogen cycle', 0.021384933749297386)]
What is the process of the movement of water and dissolved materials through the cell membrane? 	osmosis	diffusion			osmosis	osmosis	[('osmosis', 0.70859706388219901), ('diffusion', 0.36607057965091161)]
The continuous movement of nitrogen between air, soil, plants and animals. 	carbon cycle	nitrogen cycle			nitrogen cycle	nitrogen cycle	[('nitrogen cycle', 1.0), ('carbon cycle', 0.45218285890623489)]
What make oceans bigger? 	accumulation	deposition	rain		deposition	deposition	[('deposition', 0.32686539382075691), ('accumulation', 0.081114859872925188), ('rain', 0)]
A giraffe's long neck is a(n) 	adaptation	camouflage	mimicry		adaptation	Don't know :(	[('mimicry', 0), ('adaptation', 0), ('camouflage', 0)]
A/an <span class="blank"> </span> is something that helps a living thing survive in its environment. 	adaptation	physical change	camouflage		adaptation	adaptation	[('adaptation', 1.2371218646428841), ('camouflage', 0.52690166808017425), ('physical change', 0.31335350929047812)]
The process of making a new plant from the joining of a sperm and a egg cell is known as 	asexual reproduction	cross--pollination	sexual reproduction	self-pollination	sexual reproduction	sexual reproduction	[('sexual reproduction', 0.71464879004079385), ('asexual reproduction', 0.66237051749212417), ('self-pollination', 0.3337795731905448), ('cross--pollination', 0)]
Offspring come from a single parent during <span class="blank"> </span>. 	asexual reproduction	sexual reproduction			asexual reproduction	asexual reproduction	[('asexual reproduction', 1.818307816097738), ('sexual reproduction', 1.5182385172439821)]
Which of the following is an unwanted change in the environment caused by harmful substances? 	overpopulation	pollution	evolution		pollution	pollution	[('pollution', 0.36778467819519794), ('evolution', 0.053058036483065653), ('overpopulation', 0.042016705737376564)]
Colors, patterns and shapes that disguise an animal from predators. 	camouflage	hibernate	migrate		camouflage	camouflage	[('camouflage', 0.86449461002250116), ('migrate', 0.46190476190476193), ('hibernate', 0.3146478167290862)]
If a snake copies another snake it is called 	camouflage	mimicry	play		mimicry	camouflage	[('camouflage', 0.1617116822847188), ('play', 0), ('mimicry', 0)]
A(n) <span class="blank"> </span> is a modified feature that helps a plant survive in the environment. 	change	adaptation			adaptation	change	[('change', 0.20311181595332098), ('adaptation', 0.18880823369678601)]
Select whether the example is a chemical change or a physical change<br/><br/>Glass breaking 	chemical change	physical change			physical change	Don't know :(	[('physical change', 0), ('chemical change', 0)]
Is burning a chemical change or physical change? 	chemical change	physical change			chemical change	Don't know :(	[('physical change', 0), ('chemical change', 0)]
spoiling food 	chemical change	physical change			chemical change	Don't know :(	[('physical change', 0), ('chemical change', 0)]
squeezing oranges to make orange juice 	chemical change	physical change			physical change	Don't know :(	[('physical change', 0), ('chemical change', 0)]
mixing lemonade powder into water 	chemical change	physical change			physical change	chemical change	[('chemical change', 0.036119852251689753), ('physical change', 0)]
mowing the lawn 	chemical change	physical change			physical change	Don't know :(	[('physical change', 0), ('chemical change', 0)]
bleaching your hair 	chemical change	physical change			chemical change	physical change	[('physical change', 0.014492753623188406), ('chemical change', 0)]
fireworks exploding 	chemical change	physical change			chemical change	Don't know :(	[('physical change', 0), ('chemical change', 0)]
corroding metal 	chemical change	physical change			chemical change	Don't know :(	[('physical change', 0), ('chemical change', 0)]
Burning a match is a 	chemica change	physical change			chemica change	Don't know :(	[('chemica change', 0), ('physical change', 0)]
A change in the way matter looks is called <span class="blank"> </span>? 	chemical change	physical change			physical change	chemical change	[('chemical change', 1.1691468253968254), ('physical change', 0.6450064953036504)]
A reaction that forms water and a salt is called a 	chemical reaction	neutralization reaction			neutralization reaction	chemical reaction	[('chemical reaction', 0.96677852188889879), ('neutralization reaction', 0.43482180873743709)]
During <span class="blank"> </span>, autotrophs use light energy to convert carbon dioxide and water into oxygen and energy-rich carbohydrates such as sugars and starches. 	chemosynthesis	photosynthesis	evaporation	nitrogen fixation	photosynthesis	photosynthesis	[('photosynthesis', 0.28308151970015333), ('evaporation', 0.19189828763611624), ('chemosynthesis', 0.13918150874584465), ('nitrogen fixation', 0.0010548523206751054)]
There is one more way to deal with our growing garbage problem. Leaves and grass clippings can be <span class="blank"> </span>or placed in a pile in the backyard. They will break down into soil and not have to be collected and take up space in our landfills. 	composted	separated	processed	crushed	composted	separated	[('separated', 0.055943316930969947), ('crushed', 0.00096871544469212046), ('composted', 0), ('processed', 0)]
When a liquid changes to a gas it is called 	condensation	evaporation			evaporation	evaporation	[('evaporation', 1.4155437280797132), ('condensation', 0.69877698554169143)]
When you leave a glass of water standing on the counter, water forms on the outside of the glass. This is an example of <span class="blank"> </span>. 	condensation	evaporation			condensation	condensation	[('condensation', 0.54887647837181075), ('evaporation', 0.40567880625952113)]
The movement of water back and forth between air and the Earth's surface is called the<span class="blank"> </span>. 	condensation	water cycle	evaporation		water cycle	water cycle	[('water cycle', 1.3409460432868683), ('condensation', 1.0613442114951184), ('evaporation', 0.90863829794473527)]
The process by which a liquid changes to a gas 	condensation	water cycle	evaporation		evaporation	evaporation	[('evaporation', 1.4324567545742728), ('water cycle', 0.70053659184635697), ('condensation', 0.59178652814489274)]
The process of planting different crops on the same land in different years to help in adding nutrients back in the soil 	contour plowing	terracing	crop rotation	fertilization	crop rotation	contour plowing	[('contour plowing', 0.20991864751645467), ('terracing', 0.14636258079090603), ('fertilization', 0.089377916974935606), ('crop rotation', 0.055919444797838988)]
The process of cutting into a hillside to slow the speed of water flowing down a slope 	contour plowing	terracing	windbreaking	fertilization	terracing	contour plowing	[('contour plowing', 0.3392157637789322), ('fertilization', 0.27687804334460653), ('terracing', 0.25689121959923827), ('windbreaking', 0.063087244640068152)]
The process of adding fertilizer to soil to replace nutrients used up by previous crops 	crop rotation	fertilization	strip farming	terracing	fertilization	fertilization	[('fertilization', 0.30704576421270707), ('terracing', 0.17180229957786688), ('crop rotation', 0.14295160887817759), ('strip farming', 0.1346169783021815)]
Drinking lots of salt water can kill a person. The salt in the water moves to the cells, where there is very little salt. As the cells move the water to balance out the salt - so that the salt is equal on both sides - water moves OUT of the cell, and the cell dies. What causes this to happen? 	diffusion	osmosis			osmosis	diffusion	[('diffusion', 0.41399937201028697), ('osmosis', 0.36059425196013628)]
The final stage of the erosional process in which materials are dropped in another location is called <span class="blank"> </span>. 	dropping	deposit	deposition		deposition	deposition	[('deposition', 0.48047068353711081), ('deposit', 0.48047068353711081), ('dropping', 0.076908505068574162)]
A species that no longer exists. 	extinction	classify			extinction	Don't know :(	[('extinction', 0), ('classify', 0)]
Which is the best example of natureâ??s recycling process? 	erosion	weathering	the water cycle		the water cycle	weathering	[('weathering', 0.16987913346364469), ('erosion', 0.14591937539563346), ('the water cycle', 0.019425993502555666)]
The process of wearing away rocks by natural means is called 	erosion	weathering			weathering	weathering	[('weathering', 0.6170840236529882), ('erosion', 0.15638436328893304)]
The process of moving sediment by wind, moving water, or ice is 	erosion	weathering			erosion	weathering	[('weathering', 0.29316278899899129), ('erosion', 0.16724277740926558)]
What is the process that moves pieces of rock and soil? 	erosion	weathering			erosion	erosion	[('erosion', 0.48400026232935411), ('weathering', 0.2846011597817259)]
The process of breaking down rocks into smaller particles is called: 	erosion	weathering	sedimentation		weathering	weathering	[('weathering', 0.50912283003138292), ('erosion', 0.2447685034960001), ('sedimentation', 0.10230191823110026)]
Then droplets of water (rain, snow, sleet, or hail) fall back to the earth, this is called: 	evaporation	condensation	precipitation		precipitation	precipitation	[('precipitation', 0.14311882298306128), ('evaporation', 0.091358565776799003), ('condensation', 0.086144330433413283)]
When liquids are heated, this occurs: 	evaporation	melting			evaporation	melting	[('melting', 0.36631016042780751), ('evaporation', 0.30347880779105901)]
The process by which a gas changes into a liquid is called <span class="blank"> </span>. 	evaporation	precipitation	condensation	transpiration	condensation	condensation	[('condensation', 1.7110654466341664), ('transpiration', 0.69642575371467386), ('evaporation', 0.46933106364834692), ('precipitation', 0.34401840174708709)]
What is the third step of the water cycle? 	evaporation	precipitation	run off	condensation	precipitation	run off	[('run off', 1.0), ('precipitation', 0.33477151077291695), ('condensation', 0), ('evaporation', 0)]
What is water vapor in the air called? 	evaporation	humidity	respiration		humidity	humidity	[('humidity', 0.13307483220307578), ('evaporation', 0.13116461248114139), ('respiration', 0)]
The process of planting grasses between rows of other crops to prevent soil from being washed or blown away 	fertilization	crop rotation	contour plowing	strip farming	strip farming	contour plowing	[('contour plowing', 0.32080506673672216), ('fertilization', 0.2690403574225958), ('strip farming', 0.18898190527705219), ('crop rotation', 0.1396781643334763)]
Bees help flowers reproduces through a process called 	fertilization	phototropism	transpiration	pollination	pollination	fertilization	[('fertilization', 0.5), ('transpiration', 0.39160592204817357), ('phototropism', 0), ('pollination', 0)]
Mixtures can be separated by all of the following means except which one? 	filtering	evaporation	boiling		boiling	filtering	[('filtering', 0.34375), ('evaporation', 0.026315789473684209), ('boiling', 0)]
When you rub your hands together very quickly, it produces heat and is called 	friction	gravity			friction	gravity	[('gravity', 1.0), ('friction', 1.0)]
The force that pulls two objects toward each other is called <span class="blank"> </span>. 	gravity				gravity	gravity	[('gravity', 0.3109604492467351)]
A force that pulls objects toward each other is <span class="blank"> </span>. 	gravity				gravity	gravity	[('gravity', 0.37919641292795414)]
A change in an object's position is called: 	motion	pulling			motion	motion	[('motion', 0.70416417287953481), ('pulling', 0.19479246243952128)]
Andy is cooking a piece of ham in a pan. <br/>What is this an example of? 	friction	conduction			conduction	friction	[('friction', 0.012473992330091175), ('conduction', 0)]
What do we call the process of a seed developing into a plant? 	regeneration	germination			germination	germination	[('germination', 1.3074160450682504), ('regeneration', 0.28436671631561572)]
What process ends with a "new and improved" plant? 	grafting	photosynthesis	germinating		grafting	photosynthesis	[('photosynthesis', 0.76387628330928925), ('germinating', 0.62300057892778649), ('grafting', 0.12633905475418497)]
A force that resists motion created by objects rubbing together is <span class="blank"> </span>. 	gravity	friction			friction	friction	[('friction', 0.4204166777830679), ('gravity', 0.38027013504939183)]
What is it called when an object is moved from one position to another? 	gravity	work			work	work	[('work', 0.41497326203208551), ('gravity', 0.37393038792459593)]
When we cut down trees or drain wetlands, we do what to the habitats of many living things? 	help	destroy	build	plant	destroy	build	[('build', 0.041116510943427206), ('plant', 0.035845214403423656), ('help', 0.022139691249173438), ('destroy', 0)]
To travel from one place to another. 	hibernate	camouflage	migrate		migrate	hibernate	[('hibernate', 0.079508135469772992), ('migrate', 0.067462894248608546), ('camouflage', 0.012658227848101266)]
What do you call movements from one location to another? 	hibernation	migration			migration	migration	[('migration', 0.57730082417582418), ('hibernation', 0.027566295318303759)]
When closely related living things are bred together, it is called 	adaptation	crossbreeding			crossbreeding	adaptation	[('adaptation', 0.089118799665634352), ('crossbreeding', 0)]
The force that keeps us on Earth is <span class="blank"> </span> 	inertia	magnetism	gravity		gravity	magnetism	[('magnetism', 0.75619747899159673), ('gravity', 0.41535869437533113), ('inertia', 0)]
__________ is the movement of a group of one type of animal from one region to another and back again. 	hibernation	migration			migration	migration	[('migration', 0.76965551054383952), ('hibernation', 0.067076788371040863)]
The process of a liquid becoming a gas is called <span class="blank"> </span> 	melting	boiling	evaporation		evaporation	evaporation	[('evaporation', 1.3724925079794503), ('boiling', 0.8239358862706585), ('melting', 0.56378943875975396)]
Which of the following processes makes it possible for plants to use energy from sunlight to produce their own food? 	metamorphosis	photosynthesis	pollination	reproduction	photosynthesis	photosynthesis	[('photosynthesis', 1.5556056181728295), ('pollination', 0.96475179496936114), ('reproduction', 0.93311524629079656), ('metamorphosis', 0.71959980709813909)]
To go into a deep sleep. 	migrate	hibernate	camouflage		hibernate	hibernate	[('hibernate', 0.7260463569153125), ('migrate', 0), ('camouflage', 0)]
Which of the following must all plant and animal species do in order for each species to survive? 	migrate	reproduce	make food	change color	reproduce	reproduce	[('reproduce', 0.14281302725775835), ('migrate', 0.10874050254041528), ('make food', 0.021821303647310011), ('change color', 0)]
What helps an animal look like another animal to protect it from predators? 	migration	camouflage	mimicry		mimicry	camouflage	[('camouflage', 0.51629024326427764), ('migration', 0.46722139413178676), ('mimicry', 0.45683077894625945)]
An adaptation in which an animal looks very much like another animal or an object is a _____________. 	mimicry	camouflage			mimicry	camouflage	[('camouflage', 0.52306884335397497), ('mimicry', 0.26885466050435386)]
<span class="blank"> </span> is an animal's color or pattern that helps it blend in with its surroundings. 	mimicry	camouflage			camouflage	camouflage	[('camouflage', 0.56327876294050305), ('mimicry', 0.33333333333333331)]
The process that forms reproductive cells is called? 	mitosis	meiosis			meiosis	mitosis	[('mitosis', 1.0847738898377437), ('meiosis', 0.80633401028920559)]
Which is reproduction that requires a male and female cell? 	mitosis	sexual reproduction	asexual reproduction		sexual reproduction	sexual reproduction	[('sexual reproduction', 1.0480822675156152), ('asexual reproduction', 1.0), ('mitosis', 0)]
<span class="blank"> </span> is a change of position. 	motion	gravity			motion	motion	[('motion', 0.67365063203519104), ('gravity', 0)]
The force that pulls objects to the center of the Earth is called? 	motion	friction	gravity	acceleration	gravity	friction	[('friction', 0.59404472058592106), ('acceleration', 0.43605442176870746), ('gravity', 0.20420767216490582), ('motion', 0.13235615237286011)]
When something changes position, it is in? 	motion	friction	gravity	acceleration	motion	acceleration	[('acceleration', 0.27984893998005067), ('motion', 0.2575278927080159), ('friction', 0.033486197946330849), ('gravity', 0)]
What is the force that slows down moving things? 	motion	friction	gravity	acceleration	friction	friction	[('friction', 0.50640230756077331), ('gravity', 0.49977452989238813), ('acceleration', 0.38047090051287469), ('motion', 0)]
Light can <span class="blank"> </span>off surfaces that it strikes. 	motion	reflect			reflect	reflect	[('reflect', 1.0), ('motion', 0)]
Your respiratory system helps you <span class="blank"> </span>. 	move	breathe	digest food		breathe	Don't know :(	[('breathe', 0), ('move', 0), ('digest food', 0)]
The process by which molten material adds new oceanic crust to the ocean floor 	continental drift theory	seafloor spreading theory			seafloor spreading theory	seafloor spreading theory	[('seafloor spreading theory', 2.0), ('continental drift theory', 0.5245535714285714)]
What process do plants go through to make their own food? 	photosynthesis				photosynthesis	photosynthesis	[('photosynthesis', 1.1461872657414107)]
What is it called when two different organisms form a relationship where they are dependent upon each other? 	photosynthesis	symbiosis			symbiosis	symbiosis	[('symbiosis', 0.31874474880498493), ('photosynthesis', 0.08603084632809313)]
When plants use stored sugar for energy, they go through a process called 	photosynthesis	transpiration	respiration	perspiration	respiration	respiration	[('respiration', 1.162824036000627), ('photosynthesis', 0.91662933284297987), ('transpiration', 0.40599887377091581), ('perspiration', 0.02326057657151814)]
A liquid changing to a solid, A solid changing to a liquid, and a liquid changing into a gas are all examples of <span class="blank"> </span> 	physical change	evaporation	boiling		physical change	evaporation	[('evaporation', 1.0510791737679337), ('boiling', 0.48503669479527273), ('physical change', 0.033688511456497358)]
What causes sunflowers to bend toward the sunlight? 	positive tropism	pollination	negative tropism		positive tropism	pollination	[('pollination', 0.27781680897300037), ('negative tropism', 0), ('positive tropism', 0)]
<span class="blank"> </span> is a process in the water cycle, where water vapor rises into the atmosphere. 	precipitation	transpiration	evaporation		evaporation	precipitation	[('precipitation', 0.44990737318840124), ('transpiration', 0.27320908595899446), ('evaporation', 0.25343009099770447)]
When two substances are combined, this may occur: 	reaction	repel	retract		reaction	repel	[('repel', 0.56215698157300309), ('reaction', 0.48176631266821357), ('retract', 0.22303904710306802)]
To take in light 	reflect	absorb	refract		absorb	absorb	[('absorb', 0.09523732035994123), ('reflect', 0.0079196866625975745), ('refract', 0)]
The bending of light as it passes from one material into another is 	reflection	refraction			refraction	refraction	[('refraction', 1.0361195052326126), ('reflection', 0.64761842806020553)]
When light strikes a surface and bounces off, what occurs? 	reflection	refraction			reflection	refraction	[('refraction', 1.0), ('reflection', 0.7570701375651625)]
During <span class="blank"> </span>, a light ray changes direction as it passes from one material to another. 	refraction	reflection			refraction	refraction	[('refraction', 0.59158202008167049), ('reflection', 0.37852691843167552)]
What is the name of the process by which most cells divide? 	regeneration	mitosis	life cycle		mitosis	regeneration	[('regeneration', 0.44960562144123106), ('mitosis', 0.42263310935333009), ('life cycle', 0.22227370936360324)]
Magnets contain a force that <span class="blank"> </span> certain metals like iron. 	repels	attracts	increases		attracts	attracts	[('attracts', 0.57857142857142863), ('repels', 0.47058823529411764), ('increases', 0)]
The process of change from an egg to an adult butterfly is ____________. 	reproduction	metamorphosis	photosynthesis		metamorphosis	metamorphosis	[('metamorphosis', 0.57641632106101337), ('photosynthesis', 0.30113398098413158), ('reproduction', 0.20266197335027758)]
<span class="blank"> </span>is the spinning of a planet on its axis. 	revolution	rotation	orbit		rotation	orbit	[('orbit', 1.0), ('rotation', 0), ('revolution', 0)]
The spinning of a planet around an imaginary line through its center is called <span class="blank"> </span> 	revolving	rotation	gravity		rotation	revolving	[('revolving', 0.1240297314657091), ('rotation', 0), ('gravity', 0)]
To move in a circle around an object is to <span class="blank"> </span> 	eclipse	rotate	revolve		rotate	rotate	[('rotate', 0.20061279423580966), ('revolve', 0.077774213044971161), ('eclipse', 0.067138715238811431)]
The path Earth makes around the sun is called the 	rotation	orbit			orbit	orbit	[('orbit', 0.17806123045231309), ('rotation', 0.01066052019651138)]
When a planet moves around the sun, this is called a 	rotation	revolution	spin		revolution	revolution	[('revolution', 1.3190774566624774), ('rotation', 0.52184873949579835), ('spin', 0.44463812886142984)]
The movement of an object all the way around another planet is called 	rotation	revolving	gravity		revolving	rotation	[('rotation', 0.64999999999999991), ('revolving', 0.52302649572694171), ('gravity', 0.2405970545912626)]
To change from a solid into a liquid is to 	solidify	melt	freeze		melt	melt	[('melt', 1.9947229359294159), ('freeze', 0.62104338094586153), ('solidify', 0.39981997576310768)]
Being able to tell different sounds apart is called 	sound discrimination	vibration			sound discrimination	vibration	[('vibration', 0.035609422113708107), ('sound discrimination', 0)]
A long and strong beak that tears flesh is 	spearing	tearing			tearing	tearing	[('tearing', 0.39161384483019229), ('spearing', 0)]
A characteristic of an organism that increases its chances of survival in its environment. 	camouflage	adaptation			adaptation	camouflage	[('camouflage', 0.87157776614684757), ('adaptation', 0.87094941620108168)]
What process produces sex cells? 	splitting	mitosis	meiosis		meiosis	mitosis	[('mitosis', 0.58429237097134679), ('meiosis', 0.56789691545901955), ('splitting', 0)]
<span class="blank"> </span>is the process of liquid water turning into water vapor. 	storage	precipitation	evaporation	condensation	evaporation	evaporation	[('evaporation', 1.3795079566760184), ('condensation', 0.7590811815711408), ('precipitation', 0.65904738369685834), ('storage', 0.52161377630289163)]
The process of changing from a liquid state to a gas state 	sublimation	condensation	evaporation		evaporation	evaporation	[('evaporation', 1.0879594934125105), ('sublimation', 0.81555204316280905), ('condensation', 0.68935606844931574)]
Fill in the blank. Babies will <span class="blank"> </span> or get traits from their parents. 	survive	reproduce	inherit		inherit	Don't know :(	[('reproduce', 0), ('survive', 0), ('inherit', 0)]
Terracing a hillside can slow __________________________. 	weathering	absoprtion	erosion	soil formation	erosion	Don't know :(	[('absoprtion', 0), ('soil formation', 0), ('erosion', 0), ('weathering', 0)]
Rain, sleet, hail, and snow are all part of the <span class="blank"> </span> process in the water cycle. 	transpiration	evaporation	precipitation	condensation	precipitation	transpiration	[('transpiration', 0.27320908595899446), ('precipitation', 0.16258210824894923), ('evaporation', 0.12195093656667469), ('condensation', 0.10610827179201197)]
When an object spins on its axis, it <span class="blank"> </span>. 	vibrates	revolves	rotates	explodes	rotates	vibrates	[('vibrates', 0.78181818181818186), ('explodes', 0.60107080419580416), ('rotates', 0), ('revolves', 0)]
The process of change from an egg to an adult butterfly is an example of: 	vibrations	metamorphosis			metamorphosis	metamorphosis	[('metamorphosis', 0.57641632106101337), ('vibrations', 0.37777482077992264)]
Which would cause liquid water to change to a solid? 	warming	heating	freezing	dripping	freezing	freezing	[('freezing', 1.2979635191664183), ('dripping', 0.59514435921170505), ('warming', 0.53284796407836232), ('heating', 0.37569553850900766)]
To separate a mixture of paper clips and sand, Joe should use: 	distillation	magnetic separation	decanting		magnetic separation	decanting	[('decanting', 1.0561052030733848), ('magnetic separation', 1.0), ('distillation', 0)]
The process of plowing furrows across a slope instead of up and down to prevent rainwater from carrying away topsoil down hills 	windbreaking	terracing	contour plowing	strip farming	contour plowing	contour plowing	[('contour plowing', 0.48057153440956651), ('windbreaking', 0.11462952970796589), ('terracing', 0.086664009014324028), ('strip farming', 0.065350738272194675)]
<span class="blank"> </span> is the major change in the body form of an animal during its life cycle. 	life cycle	metamorphosis			metamorphosis	metamorphosis	[('metamorphosis', 0.50998861347829871), ('life cycle', 0.066693920770471204)]
When an object orbits another object, it <span class="blank"> </span>. 	vibrates	rotates	explodes	revolves	revolves	vibrates	[('vibrates', 0.78181818181818186), ('explodes', 0.62765223858027019), ('revolves', 0.085012774833991264), ('rotates', 0)]
Precipitation that falls in form of balls of ice is called <span class="blank"> </span>. 	hail	rain	snow		hail	snow	[('snow', 0.96861166567626444), ('hail', 0.58457569941778353), ('rain', 0.39393939393939392)]
If plaque is not cleaned off the teeth, it can cause the enamel of your teeth to <span class="blank"> </span>. 	harden	become whiter	shine	decay	decay	shine	[('shine', 1.9696765471170556e-05), ('harden', 0), ('decay', 0), ('become whiter', 0)]
Through <span class="blank"> </span> human beings are able to produce new human beings. 	reproduction	circulation	digestion		reproduction	reproduction	[('reproduction', 0.62827019610505974), ('digestion', 0.46537393820222955), ('circulation', 0.15013850291181688)]
Teeth help us to <span class="blank"> </span>. 	talk	swim	write		talk	Don't know :(	[('swim', 0), ('write', 0), ('talk', 0)]
When water is heated and it is rising into the air as a gas (like water vapor), this is called: 	condensation	evaporation	precipitation		evaporation	condensation	[('condensation', 1.0801689070005327), ('precipitation', 1.0134390092657268), ('evaporation', 0.99184071336878232)]
Rocks change over time from one type to another. This process is called 	the rock cycle	erosion	melting		the rock cycle	erosion	[('erosion', 0.61104585792627164), ('melting', 0.53825119767399643), ('the rock cycle', 0)]
When water particles cool and change from a gas (like water vapor) back to a liquid, this is called: 	evaporation	condensation	precipitation		condensation	condensation	[('condensation', 1.3149529786191019), ('evaporation', 0.28280353182408774), ('precipitation', 0.25614305376478608)]
What starts the change from an igneous rock to a sedimentary rock? 	melting	weathering			weathering	melting	[('melting', 0.53825119767399643), ('weathering', 0.32753671380696642)]
<span class="blank"> </span> is the process of water vapor becoming liquid water when it cools. 	storage	precipitation	evaporation	condensation	condensation	condensation	[('condensation', 1.4320010429956822), ('evaporation', 0.49858406145164952), ('precipitation', 0.47273303651892878), ('storage', 0.25650706689015607)]
The movement of an animal from one place to another as the seasons change is called 	pollination	migration	hibernation	decomposition	migration	migration	[('migration', 1.1721004012090284), ('hibernation', 0.40390357446834213), ('decomposition', 0.37244957220393726), ('pollination', 0.32645245137123485)]
Energy from the sun reaches earth by <span class="blank"> </span>. 	friction	convection	reflection	radiation	radiation	radiation	[('radiation', 0.29961228011070651), ('friction', 0.29961228011070651), ('reflection', 0.28680263831614033), ('convection', 0)]
The pull that planets and other objects have on each other is called what? 	gravitational pull				gravitational pull	Don't know :(	[('gravitational pull', 0)]
<span class="blank"> </span> is the type of thermal energy transfer that occurs when the you place a cooler object on a heat source to warm the cooler object up. 	convection	conduction	radiation		conduction	convection	[('convection', 0.39853945831335286), ('conduction', 0.20977386478095914), ('radiation', 0.10499030610635814)]
<span class="blank"> </span> is the process of changing liquid water to water vapor. 	condensation	storage	evaporation		evaporation	evaporation	[('evaporation', 1.2417308262795883), ('condensation', 0.73163078229430578), ('storage', 0.37088346783134751)]
The act of saving, protecting or using resources wisely is called <span class="blank"> </span> 	innovation	conservation	recycling	condensation	conservation	recycling	[('recycling', 0.080423234572249785), ('conservation', 0.065988146300670444), ('innovation', 0.026760324120940406), ('condensation', 0.015370032315617052)]
<span class="blank"> </span> is the process of liquid water turning into water vapor 	storage	precipitation	evaporation	condensation	evaporation	evaporation	[('evaporation', 1.3795079566760184), ('condensation', 0.7590811815711408), ('precipitation', 0.65904738369685834), ('storage', 0.52161377630289163)]
A new carpet pad made from scraps of old carpets is an example of 	repairing	reducing	revising	recycling	recycling	reducing	[('reducing', 0.15252256572546569), ('repairing', 0), ('revising', 0), ('recycling', 0)]
If a fire destroys a forest, new plants will grow. This process is called 	conservation	erosion	succession		succession	Don't know :(	[('conservation', 0), ('erosion', 0), ('succession', 0)]
A period when an animal goes into a long, deep sleep is called 	camouflage	hibernation	migration		hibernation	migration	[('migration', 0.52992897185249599), ('camouflage', 0.40163210407948219), ('hibernation', 0.28291798349929975)]
Waves change a shoreline by erosion and __________. 	condensation	precipitation	deposition	evaporation	deposition	Don't know :(	[('deposition', 0), ('condensation', 0), ('precipitation', 0), ('evaporation', 0)]
Thermal energy that travels from the sun to Earth is transferred by 	conduction	convection	radiation		radiation	conduction	[('conduction', 0.58732640623465482), ('radiation', 0.44007265693903258), ('convection', 0.24616326654791684)]
A new aluminum can made from used cans is an example of 	recycling	reducing	reusing	repairing	recycling	reusing	[('reusing', 0.52693723349901267), ('repairing', 0.29754601226993865), ('reducing', 0.026490066225165566), ('recycling', 0)]
Glaciers are slow-moving sheets of ice found on land. What process occurs when glacial ice is heated to 5° Celsius? 	evaporation	freezing	melting	precipitation	melting	melting	[('melting', 0.32935928759347216), ('evaporation', 0.24471280399870171), ('freezing', 0.19488559612730003), ('precipitation', 0.13276041051851434)]
A student is investigating changes in the states of matter. The student fills a graduated cylinder with 50 milliliters of packed snow. The graduated cylinder has a mass of 50 grams when empty and 95 grams when filled with the snow. During which process in the water cycle does snow fall to the ground? 	classification	condensation	evaporation	precipitation	precipitation	precipitation	[('precipitation', 0.12350644839808105), ('evaporation', 0.11461221116115167), ('condensation', 0.088350360877181372), ('classification', 0.078041388878245327)]
An area received six inches of snow during the winter. Before the snow can continue through the water cycle as ground water or runoff, it must first 	condense	evaporate	freeze	melt	melt	melt	[('melt', 0.40069086496193568), ('freeze', 0.15552393457148411), ('condense', 0.10893431619809306), ('evaporate', 0.099445372409758245)]
Students want to find out at which temperature bean plants grow tallest. Which science process skill would be used to find this temperature? 	inferring	predicting	measuring	classifying	measuring	classifying	[('classifying', 0.40907990227225949), ('measuring', 0.30176589167755247), ('inferring', 0.30176589167755247), ('predicting', 0.00075441472919388118)]
A pot is heated on a stove. Which process causes the metal handle of the pot to also become hot? 	combustion	convection	radiation	conduction	conduction	convection	[('convection', 1.0018091076901172), ('radiation', 0.88050314465408797), ('conduction', 0.67261904761904756), ('combustion', 0.60983230065515437)]
After a rain, a puddle of water remains on a sidewalk. After a day of sunshine, the puddle is gone. Which process is most responsible for the disappearance of the puddle? 	precipitation	transpiration	evaporation	condensation	evaporation	transpiration	[('transpiration', 0.76625750702659945), ('evaporation', 0.40124778483194085), ('condensation', 0.31565923189891404), ('precipitation', 0.27728937584348967)]
